Time,northern_flow,sjr_flow,exports,/HIST+GATE/RSAC128/POS/01JAN1953 - 01JAN2020/IR-YEAR/DWR-DMS-DSM2/,div+seep-drain_dcd+smcd,daily_max-min,sjr_vernalis_ec,sac_greens_ec
9/1/2013,17691.85417,539,10097,1,2686.15,4.8,612,184
9/2/2013,17228.70313,592,9818,1,2573.47,5,578,183
9/3/2013,17030.24479,598,9396,1,1782.8,4.9,595,184
9/4/2013,16667.46354,598,8864,1,2263.95,4.9,586,182
9/5/2013,16607.30729,593,8930,1,2313.64,5,612,182
9/6/2013,16785.11459,528,8773,1,2331.04,4.8,546,181
9/7/2013,16974.03125,502,8431,1,2539.78,4.6,510,178
9/8/2013,16914.02083,557,7981,1,2851.16,4.5,450,181
9/9/2013,16570.63542,596,8274,1,2804.72,4.6,527,178
9/10/2013,16046.1302,702,8474,1,2868.41,4.7,560,178
9/11/2013,14694.66145,735,7594,1,2115.08,4.9,594,179
9/12/2013,14641.67708,644,6753,1,1683,4.6,600,179
9/13/2013,13998.0625,577,6018,1,2027.34,4.8,566,176
9/14/2013,13316.20313,621,5587,1,2274.26,4.8,512,189
9/15/2013,12930.11459,622,5022,1,2041.1,5.1,498,189
9/16/2013,12944.67188,639,4354,1,2115.6,5.2,490,191
9/17/2013,13236.82292,675,4638,1,2183.46,5.2,594,188
9/18/2013,12814.36458,703,5295,1,1870.76,4.9,619,180
9/19/2013,12418.85938,658,5887,1,2101.84,5,610,176
9/20/2013,12050.375,645,5792,1,2298.28,4.8,589,167
9/21/2013,10742.44791,638,5468,1,1836.88,4.8,578,167
9/22/2013,10383.83334,647,6003,1,737.35,4.8,635,171
9/23/2013,11296.03646,732,6051,1,1443.8,4.9,645,177
9/24/2013,11371.66399,957,6498,1,1774.73,4.8,603,173
9/25/2013,11086.02351,1161,7256,1,1366.43,4.4,400,166
9/26/2013,10983.83853,1296,7039,1,1097.03,4.2,319,169
9/27/2013,11253.89063,1393,7588,1,1534.19,4.1,310,170
9/28/2013,10871.67952,1398,6003,1,1743.8,4.1,323,169
9/29/2013,10618.62257,1436,6030,1,1987.7,4.1,312,164
9/30/2013,10298.66562,1508,5437,1,1639.78,4.3,283,164
10/1/2013,10120.08507,1425,5449,1,1554.27,4.2,299,155
10/2/2013,9903.548264,1211,4912,1,1794.9,4.1,404,154
10/3/2013,9443.745833,1061,4905,1,1979.97,4.2,498,151
10/4/2013,9732.550694,997,4201,1,1807.85,4.3,547,151
10/5/2013,9127.413889,940,4855,1,2050.81,4.6,578,159
10/6/2013,8452.453472,965,4234,1,1964.5,5,623,154
10/7/2013,8607.183334,980,4236,1,2193.01,5.1,578,154
10/8/2013,8437.010071,984,4243,0.672222222,2083.75,5.5,577,158
10/9/2013,8426.085415,975,3777,0,1889.1,5.5,607,154
10/10/2013,8826.105904,964,3795,0.371527778,1688.79,5.5,639,159
10/11/2013,8686.063194,955,3898,1,1806.28,5.3,579,153
10/12/2013,8508.42882,910,3883,1,1802.13,5,611,154
10/13/2013,8285.185764,913,3778,1,1844.84,5.1,658,158
10/14/2013,8614.855207,951,3754,1,1759.71,4.7,613,152
10/15/2013,8103.530903,972,3749,1,1856.9,4.7,645,149
10/16/2013,7858.739237,963,3788,1,1888.68,4.9,665,152
10/17/2013,8134.952778,1054,3774,0.393055556,1808.48,4.7,620,148
10/18/2013,7864.526043,1212,3742,0.375,1880.45,5,509,149
10/19/2013,7684.712502,1225,3723,1,1803.43,5.3,516,160
10/20/2013,7364.615623,1218,3513,1,1750.11,5.4,541,155
10/21/2013,7045.774654,1132,3456,0.40625,1701.97,5.5,630,154
10/22/2013,6939.786457,1199,3495,0,1679.78,5.4,629,154
10/23/2013,7107.805904,1216,3354,0,1836.97,5.1,577,153
10/24/2013,7044.855209,1178,2770,0,1773.62,4.9,571,151
10/25/2013,7178.811111,1215,2109,0,1479.76,4.5,546,155
10/26/2013,7383.406944,1524,2395,0,1611.47,4.1,465,156
10/27/2013,7020.748959,2242,2393,0,1720.26,3.9,312,155
10/28/2013,5376.487846,2511,2668,0,1559.57,4.2,294,165
10/29/2013,7872.329861,2642,2192,0,1369.16,3.5,295,165
10/30/2013,7817.631945,2671,1755,0,1366.76,3.9,248,166
10/31/2013,8412.99271,2575,2843,0.572916667,1461.84,4.2,223,154
11/1/2013,8884.056597,2306,4843,1,1264.85,4.6,242,165
11/2/2013,9132.605556,2012,3412,1,2850.36,5.1,283,174
11/3/2013,9268.591667,1739,3870,1,2788.82,5.5,347,176
11/4/2013,10173.70764,1578,3965,0.416666667,2441.98,5.9,423,175
11/5/2013,10109.55868,1430,4954,0,2652.83,6.3,486,170
11/6/2013,9699.207638,1343,5040,0,2754.97,6.3,554,166
11/7/2013,9831.940971,1277,5069,0,2741.99,6.2,604,161
11/8/2013,9466.177082,1221,5663,0.583333333,2797.95,5.9,622,161
11/9/2013,9683.295486,1170,4982,1,2759.63,5.4,652,158
11/10/2013,9464.449306,1131,5170,1,2751.21,5.1,689,161
11/11/2013,9218.440971,1096,5167,1,2657.13,4.7,738,162
11/12/2013,9245.35486,1080,4485,0.427083333,2658.56,4.8,735,171
11/13/2013,8920.10486,1080,4593,0,2622.92,4.7,744,171
11/14/2013,8710.559029,1069,4589,0,2779.88,4.8,744,183
11/15/2013,8510.967361,1065,5207,0.635416667,2567.5,5.2,737,189
11/16/2013,8586.459721,1060,4110,1,2586.04,5.5,718,188
11/17/2013,8531.37986,1040,3559,1,2525.95,5.8,718,186
11/18/2013,8681.373611,1042,4057,0.411805556,2522.46,5.9,724,198
11/19/2013,8440.048958,1044,4027,0,2485.18,5.8,718,190
11/20/2013,8572.384027,1046,4789,0,1442.61,5.4,705,195
11/21/2013,8752.034375,1048,2631,0,-575.63,5.2,716,198
11/22/2013,10028.1125,1092,2429,0.468055556,-1410.75,5.1,695,207
11/23/2013,9294.338195,1307,2274,1,-850.93,4.5,658,201
11/24/2013,9423.604167,1247,2048,1,-1049.78,4.1,652,207
11/25/2013,9159.314667,1185,2786,0.420138889,-225,4,716,217
11/26/2013,9226.662368,1137,2164,0,1918.06,4,726,230
11/27/2013,8744.995091,1104,3043,0.56875,2402.37,3.9,753,215
11/28/2013,8466.869947,1074,2449,1,2471.75,4,776,221
11/29/2013,8376.656094,1073,2573,1,2586.56,4.3,779,220
11/30/2013,8603.837859,1076,2531,1,2559.99,4.9,773,215
12/1/2013,8586.449796,1095,2534,0.472222222,2544.34,5.4,795,219
12/2/2013,8511.26954,1108,2583,0,2430.71,5.9,812,215
12/3/2013,8255.998814,1113,2544,0,2411.66,6.2,820,210
12/4/2013,8432.252958,1113,2535,0,2242.69,6.8,827,215
12/5/2013,8763.431274,1088,2299,0,2195.61,6.8,832,215
12/6/2013,8570.746834,1070,2295,0,2217.41,6.5,826,218
12/7/2013,8399.013023,1034,2285,0,1235.28,5.6,822,216
12/8/2013,8861.125,1024,2285,0,1271.99,5.4,814,220
12/9/2013,9175.859375,1046,2305,0,1245.73,4.9,801,224
12/10/2013,8993.932289,1074,2579,0,1355.09,5.1,826,212
12/11/2013,8757.354168,1075,2480,0,1395.98,4.9,853,220
12/12/2013,8550.859375,1048,2576,0,1944.17,4.7,854,226
12/13/2013,8484.578125,1017,2746,0,2367.39,5.2,840,214
12/14/2013,8581.760416,992,2557,0,2380.22,5.6,857,204
12/15/2013,8696.932291,988,3057,0,2342.91,5.7,862,199
12/16/2013,8661.270832,992,4133,0,2370.28,5.7,855,198.3333282
12/17/2013,8601.755207,1028,3447,0,2405.07,5.8,865,197.6666718
12/18/2013,8648.958336,1034,2796,0,2319.11,5.8,868,197
12/19/2013,8503.796875,1010,1355,0,2343.28,5.6,862,202
12/20/2013,9417.630211,995,3743,0,2306.9,5.6,863,210
12/21/2013,8636.255211,972,3457,0,2308.49,5.2,873,214
12/22/2013,8957.197914,959,3198,0,2323.37,4.8,868,209
12/23/2013,9080.901039,970,3066,0,2366.58,4.3,864,206
12/24/2013,8871.682289,976,3000,0,2344.78,4.2,854,196
12/25/2013,8752.442707,976,2431,0,2415.49,4.2,871,197
12/26/2013,8770.088543,980,3015,0,2366.68,4,884,204
12/27/2013,8506.895832,983,3035,0,2394.87,4.1,906,203
12/28/2013,8364.911457,983,2979,0,2290.57,4.8,918,200
12/29/2013,8254.255207,986,2533,0,2409.64,5.4,961,198
12/30/2013,8400.84375,969,2522,0,2356.04,6,921,196
12/31/2013,8201.567711,970,2531,0,2352.22,6.4,907,202
1/1/2014,8247.786461,981,2082,0,2368.32,6.7,920,198
1/2/2014,8323.010414,990,2763,0,2435.85,6.9,930,199
1/3/2014,8442.015625,987,1698,0,2443.32,6.6,943,195
1/4/2014,8201.697914,981,2054,0,2441.12,6.2,959,193
1/5/2014,8322.0625,979,2050,0,2445.91,5.7,977,196
1/6/2014,8511.880211,957,1996,0,2453.76,5,973,196
1/7/2014,8333.015625,944,2016,0,2311.57,4.8,975,199
1/8/2014,7953.817711,939,2544,0,2381.86,4.8,971,198
1/9/2014,7615.484375,890,2285,0,2177.81,4.5,1015,208
1/10/2014,7113.104164,842,1590,0,2319.01,4.8,1021,204
1/11/2014,6941.645836,800,1518,0,2370.13,5.2,1018,211
1/12/2014,6294.171875,792,1452,0,2240.64,5.4,1032,218
1/13/2014,7108.9375,788,1318,0,2321.9,5.6,1041,217
1/14/2014,6664.78125,781,1547,0,2375.01,5.7,1053,220
1/15/2014,6608.079979,773,1753,0,2438.02,5.8,1052,226
1/16/2014,6741.274185,718,1671,0,2517.08,5.5,1016,224
1/17/2014,6534.75,682,1254,0,2538.41,5.5,1040,226
1/18/2014,6452.473961,687,1335,0,2532.38,5.3,1042,226
1/19/2014,6190.380211,718,1524,0,2511.78,5,951,230
1/20/2014,6250.265625,755,1575,0,2544.45,4.7,922,228
1/21/2014,6366.348961,811,1569,0,2561.25,4.3,947,228
1/22/2014,6229.078125,835,1561,0,2572.88,4.1,1003,234
1/23/2014,5872.515625,831,1541,0,2557.48,3.7,993,225
1/24/2014,6038.145836,832,1456,0,2536.57,3.9,1009,216
1/25/2014,6025.755203,835,1568,0,2592.36,4.4,978,233
1/26/2014,5901.84375,872,1549,0,2629.44,4.9,972,228
1/27/2014,5718.838547,912,1517,0,2548.06,5.5,982,216
1/28/2014,5817.322914,939,1282,0,2437.24,6,960,223
1/29/2014,5990.640625,937,607,0,2447.96,6.4,985,224
1/30/2014,6016.942703,918,775,0,2357.08,6.5,941,234
1/31/2014,6389.375,983,560,0,1854.62,6.5,804,231
2/1/2014,7322.901047,927,540,0.570138889,2175.92,6.3,873,234
2/2/2014,7505.791672,892,582,1,231.61,5.8,902,242
2/3/2014,7249.291672,879,632,1,-405.58,5.3,876,266
2/4/2014,6965.625,872,503,1,-139.26,4.9,858,247
2/5/2014,7223.515625,897,596,1,142.53,4.6,828,241
2/6/2014,7174.229172,894,615,1,-139.86,4.6,820,237
2/7/2014,7682.651047,861,572,1,-993.47,4.5,810,243
2/8/2014,8334.265625,875,575,1,-1625.49,4.7,785,249
2/9/2014,9116.666656,912,535,1,-3686.29,4.7,837,246
2/10/2014,13529.92188,952,1090,0.415277778,-5795,5,889,253
2/11/2014,21645.70831,997,1137,0,-5500.78,5.4,923,246
2/12/2014,26072.41147,1000,3659,0,-4666.07,5.3,967,224
2/13/2014,25776.80728,1007,6316,0,-3938.59,5.4,1017,204
2/14/2014,21296.43228,989,6591,0,-1790.79,5.5,1011,193
2/15/2014,16663.47916,964,5440,0,274.98,5.3,1083,192
2/16/2014,13962.73438,938,4786,0,302.25,5.1,1071,204
2/17/2014,13246.30728,892,5572,0,428.94,4.8,1052,194
2/18/2014,12330.44791,862,5626,0,446.16,4.5,1045,195
2/19/2014,11619.8125,845,5524,0,465.51,4.2,1046,236
2/20/2014,11029.39584,803,4430,0,427.37,4.2,1028,242
2/21/2014,10346.8802,739,3215,0,528.7,4.4,965,242
2/22/2014,9646.708328,698,2695,0,595.28,4.6,942,236
2/23/2014,8706.604172,650,2703,0,660.63,4.8,899,228
2/24/2014,8073.786453,604,1496,0,682.18,5.2,823,239
2/25/2014,7744.911453,599,1456,0,717.26,5.6,796,250
2/26/2014,7361.135422,595,1371,0,635.86,5.6,792,255
2/27/2014,7501.328125,597,1636,0,-613.23,5.8,789,233
2/28/2014,7770.697922,604,1372,0,-372.92,6,787,249
3/1/2014,9206.770828,652,1489,0,-3169.58,5.6,798,253
3/2/2014,16055.62088,836,2144,0,-2673.79,5.5,806,263
3/3/2014,22133.1142,1174,3550,0,-2556.79,5.3,773,257
3/4/2014,22347.10382,1082,4277,0,-2490.8,4.9,904,252
3/5/2014,20225.18716,977,5537,0,-2061.68,5.1,1110,224
3/6/2014,20914.30728,970,4852,0,-99.25,5.1,1205,205
3/7/2014,27272.92188,963,5721,0,545.64,5.2,1224,213
3/8/2014,29613.33856,924,7499,0,937.59,5,1213,205
3/9/2014,27359.34894,913,7152,0,992.95,4.8,1226,164
3/10/2014,24181.97397,910,6816,0,743.12,4.7,1232,170
3/11/2014,20934.1875,946,6463,0,670.73,4.9,1188,184
3/12/2014,18721.86459,998,7207,0,983.79,4.6,1112,199
3/13/2014,22275.65625,974,6681,0,1123.69,4.8,1023,201
3/14/2014,23449.94791,972,6014,0,1259.25,4.8,1015,202
3/15/2014,20344.27603,979,5666,0,1058.67,4.8,968,165
3/16/2014,16370.49478,978,7038,0,1298.29,4.8,914,158
3/17/2014,13601.71353,961,6920,0,1343.03,4.4,915,191
3/18/2014,12162.48438,961,5482,0,899.37,4.4,918,187
3/19/2014,10961.20833,949,5686,0,969.75,4.8,898,202
3/20/2014,9881.34375,868,4917,0,1206.71,5.1,869,213
3/21/2014,8906.229172,784,4332,0,1170.36,5.1,819,228
3/22/2014,8360.005203,729,2674,0,1148.76,5.1,733,231
3/23/2014,8358.125,708,2226,0,1076.59,5.2,690,240
3/24/2014,8351.418503,675,1826,0,1180.69,5.1,639,229
3/25/2014,8246.279419,658,1825,0,1314.81,5.2,654,223
3/26/2014,7504.416672,676,1831,0,720.06,5.2,684,234
3/27/2014,7113.151047,605,2133,0,10.06,5.3,590,230
3/28/2014,8269.03125,560,1733,0,947.75,5.3,522,228
3/29/2014,8378.661453,578,1573,0,1349.89,5.1,486,222
3/30/2014,8848.989578,591,1339,0,-474.53,4.9,450,220
3/31/2014,10070.91145,579,1562,0,800.7,5.1,577.666687,225
4/1/2014,13016.22917,726,1294,0,-427.37,5.4,705.333313,236
4/2/2014,18655.69791,794,3935,0,-1237.11,5.6,833,222
4/3/2014,20047.20313,767,5232,0,-540.41,5.8,934,202
4/4/2014,19049.96353,806,5729,0,304.17,5.5,965,171
4/5/2014,17941.14583,840,6234,0,-978.87,5.3,967,163
4/6/2014,16240.41145,836,5895,0,230.94,5,1053,162
4/7/2014,14413.9427,833,6041,0,1795.2,4.7,1101,167.3333282
4/8/2014,12722.32813,824,5887,0,1967.54,4.2,1142,172.6666718
4/9/2014,11317.73958,816,4444,0,2083.52,4.1,1196,178
4/10/2014,10649.39063,734,4434,0,1936.6,4.3,1223,186
4/11/2014,10337.14063,700,5087,0,2157.59,4.4,1160,190
4/12/2014,9736.380203,731,4829,0,1625.36,4.3,1011,190
4/13/2014,9717.114578,786,4825,0,1493.1,4.2,859,199
4/14/2014,10306.8125,829,4189,0,1933.76,4.5,765,201
4/15/2014,9546.708328,850,3917,0,1968.9,4.8,747,200
4/16/2014,8989.09375,833,2111,0,2037.04,5.2,765,203
4/17/2014,8093.526047,857,3124,0,2109.65,5.6,699,203
4/18/2014,7353.4375,1458,1619,0,2252.63,5.7,376,201
4/19/2014,7406.526047,2060,2345,0,1913.75,5.8,349,195
4/20/2014,7139.119797,2760,2621,0,1729.87,5.8,239,198
4/21/2014,7703.5,2941,2624,0,2259.43,5.6,146,205
4/22/2014,6927.927078,2868,2723,0,1982.4,5.3,164,203
4/23/2014,7582.260414,2896,3279,0,1418.22,5,191,200
4/24/2014,8357.84375,2844,3412,0,1739.42,5,164,198
4/25/2014,7091.947922,2768,2885,0,1547.99,5,115,188
4/26/2014,6908.020836,2735,2860,0,236.97,4.9,88,182
4/27/2014,6752.364586,2898,2853,0,1892.29,5,78,179
4/28/2014,7104.317711,3011,3194,0,1644.82,5.4,102,174
4/29/2014,7299.796875,3035,2955,0,2004.85,5.8,206,173
4/30/2014,6765.765625,2984,3103,0,2443.96,6,204,178
5/1/2014,6511.427086,2925,3115,0,2813.9,6.1,211,182
5/2/2014,6357.875,2867,2759,0,3169.36,6,197,184
5/3/2014,5820.333332,2795,2988,0,2982.8,5.8,184,192
5/4/2014,5023.536459,2488,2933,0,1996.02,5.4,184,188
5/5/2014,5368.619793,2288,2229,0,1894.48,5.1,167,192
5/6/2014,5152.21875,2276,1727,0,1758.03,4.6,179,189
5/7/2014,5547.932291,2263,1346,0,2112.6,4.4,181,189
5/8/2014,4777.869792,2226,1551,0,2162.52,4.2,175,186
5/9/2014,4305.583334,2215,1550,0,1807.5,4.2,176,184
5/10/2014,4809.260417,2174,1546,0,1800.04,4.2,151,183
5/11/2014,5819.083334,2170,1449,0,2005.86,4.2,145,188
5/12/2014,5763.854167,2143,1546,0,2542.88,5,136,188
5/13/2014,5779.932291,2174,1388,0,2934.37,5.5,134,183
5/14/2014,5539.102085,2190,1293,0,3282.45,5.8,126,182
5/15/2014,5347.429167,2101,1274,0,3260.99,6.2,118,182
5/16/2014,4575.859375,2061,1291,0,3335.53,6.3,125,184
5/17/2014,5225.567707,2067,1632,0,2975.94,6.3,106,181
5/18/2014,5883.984375,1929,1406,0,2344.32,6.4,123,185
5/19/2014,5711.234375,1550,1377,0,2012.15,6.2,162,180
5/20/2014,6080.458334,1179,1242,0,1905.46,5.8,208,171
5/21/2014,6930.447916,987,1279,0,2088.54,5.3,236,167
5/22/2014,6362.375,888,1415,0,2665.05,5.1,230,161
5/23/2014,6348.104166,834,1180,0.571527778,2721.96,4.9,213,167
5/24/2014,6380.166666,786,1135,1,2932.21,4.8,238,173
5/25/2014,6543.119793,724,1247,1,2890.57,5,245,168
5/26/2014,6846.020832,699,1177,1,3251.32,5.4,257,164
5/27/2014,6709.5625,723,1203,0.454861111,3170.68,5.8,268,163
5/28/2014,6894.015625,692,1099,0,2800.94,5.8,235,157
5/29/2014,7669.307289,612,1225,0,2617.86,6.1,257,156
5/30/2014,7616.463539,562,1155,0,2993.43,6.1,296,155
5/31/2014,7668.114586,524,1138,0,2886.75,5.9,315,163
6/1/2014,8018.036461,510,1171,0,2910.18,5.7,281,169
6/2/2014,7734.791664,526,1215,0,3261.71,5.3,283,181
6/3/2014,7267.4375,485,1182,0,2436.33,4.9,296,170
6/4/2014,8356.814583,472,1331,0,2823.83,4.6,317,148
6/5/2014,8057.640625,452,1286,0,3379.52,4.3,312,157
6/6/2014,8012.703125,439,1273,0.569444444,3136.11,4.2,296,156
6/7/2014,8275.192707,410.5,1244,1,3068.17,4.1,304,156
6/8/2014,8454.572918,382,1243,1,3426.64,4,357,157
6/9/2014,8625.213539,382,829,0.454861111,3884.42,4.7,380,156
6/10/2014,8122.546875,394,897,0,3954.87,5.3,369,159
6/11/2014,7505.09375,391,1071,0,3249.41,5.7,365,167
6/12/2014,7658.229164,369,961,0,2571.81,5.9,426,160
6/13/2014,8241.6875,342,795,0.584722222,2712.4,6.2,432,160
6/14/2014,8943.979168,316,825,1,3013.16,6.6,439,155
6/15/2014,8374.953125,317,984,1,3112.05,6.7,405,151
6/16/2014,8722.411461,316,800,1,2842.89,6.5,410,146
6/17/2014,9108.604164,316,809,1,2421.98,6.2,383,152
6/18/2014,9990.963543,324,859,1,3020.02,5.8,374,155
6/19/2014,9783.40625,309,820,1,3372.85,5.2,368,149
6/20/2014,9736.515625,275,835,1,3591.26,4.9,364,148
6/21/2014,9478.979168,276,811,1,3577.08,4.8,348,147
6/22/2014,9497.71875,260,816,1,3199.47,4.8,453,144
6/23/2014,9602.442707,244,787,1,3497.09,5.1,424,140
6/24/2014,9860.661461,248,837,1,3659.1,5.6,389,140
6/25/2014,9973.78125,287,848,1,3382.43,5.8,445,141
6/26/2014,10258.44271,258,909,1,2696.54,5.9,434,135
6/27/2014,10812.18229,219,892,1,2322.42,6,458,134
6/28/2014,10664.47396,235,883,1,2950.79,5.9,449,139
6/29/2014,10803.34375,228,897,1,3379.62,5.8,444,136
6/30/2014,10657.27604,224,1245,1,3810.14,5.6,446,135
7/1/2014,9939.489586,225,1267,1,4279.08,5.3,415,134
7/2/2014,9433.010414,259,1786,1,3172.43,4.8,376,134
7/3/2014,9666.807293,240,1813,1,3359.62,4.3,404,132
7/4/2014,9378.5625,278,2642,1,3597.25,4.2,354,136
7/5/2014,9026.614582,263,2045,1,3696.07,4.1,315,145
7/6/2014,8681.270832,264,1884,1,3925.11,4.1,306,140
7/7/2014,8519,287,2108,1,3966.35,4.3,287,135
7/8/2014,8681.489586,272,2023,1,3530.1,4.9,253,139
7/9/2014,8823.651039,267,2082,1,3573.28,5.3,348,139
7/10/2014,8824.036461,246,2001,1,3060.7,6,382,138
7/11/2014,8856.682289,232,1170,1,2778.78,6.2,365,140
7/12/2014,9223.255211,233,1869,1,2670.66,6.3,345,142
7/13/2014,9299.973961,230,2070,1,3071.12,6.6,351,139
7/14/2014,9334.005211,211,1488,1,3661.13,6.5,413,137
7/15/2014,9117.817711,234,1919,1,4063.32,6.2,380,138
7/16/2014,8959.026039,242,2270,1,3119.31,5.9,342,136
7/17/2014,8403.723961,255,1436,1,2370,5.1,324,138
7/18/2014,8659.536461,264,2272,1,2525.39,5,310,144
7/19/2014,8825.807289,241,1881,1,2595.87,4.7,299,140
7/20/2014,8609.765625,249,1024,1,3246.78,4.6,282,145
7/21/2014,8397.015625,259,1666,1,2193.54,4.9,293,142
7/22/2014,8747.088539,261,1984,1,2618.17,5.2,319,146
7/23/2014,8889.177086,281,1380,1,2825.27,5.4,321,151
7/24/2014,9648.770836,252,1777,1,2904.44,5.5,306,149
7/25/2014,10085.80209,255,1950,1,3652.34,5.8,307,151
7/26/2014,9849.942711,266,1560,1,4033.26,5.8,301,156
7/27/2014,9271.989586,238,1684,1,4016.54,5.7,330,154
7/28/2014,9057.947914,234,2073,1,3721.94,5.5,309,155
7/29/2014,8914.0625,250,1479,1,3442.93,5.2,336,160
7/30/2014,8940.901039,277,1920,1,3345.55,4.9,313,157
7/31/2014,8625.546875,258,1900,1,3375.51,4.5,294,154
8/1/2014,7997.677086,259,1862,1,3679.06,4.3,281,151
8/2/2014,7903.109375,262,2008,1,3793.28,4.1,297,151
8/3/2014,7395.755211,300,2121,1,3259.21,4,328,157
8/4/2014,7694.989586,306,1289,1,2718.21,3.9,355,152
8/5/2014,8117.34375,330,1785,1,2408.74,4.4,345,155
8/6/2014,8677.526039,351,2164,1,2310.58,4.8,308,155
8/7/2014,8616.96875,352,1737,1,2868.8,5.6,293,148
8/8/2014,9071.296875,358,2000,1,3050.61,5.9,337,156
8/9/2014,10105.54688,326,2207,1,3199.69,6.1,333,159
8/10/2014,10274.30209,283,2000,1,2849.31,6.1,346,164
8/11/2014,10326.5,276,3080,1,2669.85,6.2,408,175
8/12/2014,9826.666668,329,3230,1,3207.43,6.1,379,178
8/13/2014,9125.984375,333,3083,1,2447.72,5.7,380,179
8/14/2014,8752.645832,320,4147,1,2821.07,5.2,340,181
8/15/2014,8902.671875,306,3394,1,2941.83,5,355,184
8/16/2014,8376.8125,264,2058,1,3168,4.7,398,181
8/17/2014,7942.052086,263,2435,1,3262.14,4.6,398,184
8/18/2014,7813.020836,294,2766,1,3205.15,4.7,403,179
8/19/2014,7605.296875,353,1753,1,2799.9,4.8,381,179
8/20/2014,7575.697914,370,1611,1,2171.73,4.9,396,178
8/21/2014,7875.854168,326,1436,1,2003.64,5,417,178
8/22/2014,8182.848957,298,1275,1,2781.79,5.2,442,177
8/23/2014,7794.666664,283,1662,1,2598.27,5.2,435,176
8/24/2014,8623.5,252,2141,1,2745.19,5.2,465,178
8/25/2014,8179.901039,260,1278,1,2590.39,5.1,448,178
8/26/2014,8448.307293,303,1709,1,2160.2,4.9,436,180
8/27/2014,8733.155398,320,2475,1,2703.41,4.8,435,187
8/28/2014,8762.680592,293,2233,1,2916.72,4.6,420,184
8/29/2014,8673.809949,309,2775,1,2952.27,4.3,431,184
8/30/2014,8875.079933,280,3064,1,2680.39,4.1,450,183
8/31/2014,9218.474914,293,2645,1,2973.49,4.2,423,188
9/1/2014,9325.338648,294,3041,1,2810.72,4.3,476,195
9/2/2014,8850.129464,285,3810,1,3202.9,4.5,482,198
9/3/2014,8294.467156,320,3040,1,2793.67,4.7,462,204
9/4/2014,8672.117347,287,2990,1,2595.14,5,548,211
9/5/2014,8918.767538,278,2663,1,2697.31,5.3,555,215
9/6/2014,9297.907313,302,3765,1,2477.21,5.4,504,218
9/7/2014,9228.849171,304,3730,1,2529.56,5.6,453,219
9/8/2014,9114.59832,357,3783,1,2371.92,5.7,421,229
9/9/2014,8776.62872,389,783,1,2022.24,5.6,381,224
9/10/2014,9204.81537,398,844,1,2257.13,5.3,404,229
9/11/2014,8977.788478,372,3278,1,2775.7,5.1,481,225
9/12/2014,9087.209503,391,2636,1,2515.12,5,464,225
9/13/2014,9076.901362,371,3691,1,2717.4,5.1,579,230
9/14/2014,8960.796346,354,4126,1,2562.76,5,637,233
9/15/2014,8792.368405,352,4408,1,2445.27,4.7,599,234
9/16/2014,8413.935268,412,5676,1,2114.55,4.7,570,236
9/17/2014,8578.090662,426,5097,1,2188.54,4.5,681,230
9/18/2014,8252.761697,376,4275,1,2208.04,4.6,682,224
9/19/2014,8514.56292,354,4044,1,1826.93,4.3,665,218
9/20/2014,8048.900619,556,2689,1,1950.86,4.6,658,207
9/21/2014,7996.274765,558,2728,1,1886.04,4.6,633,195
9/22/2014,8001.107248,582,3264,1,1600.52,4.2,605,203
9/23/2014,8258.252232,427,3148,1,1894.11,4.3,618,203
9/24/2014,7938.53784,421,3354,1,1980.23,4.2,627,195
9/25/2014,7793.401574,396,3200,1,1743.74,4.2,695,180
9/26/2014,8043.827806,390,3238,1,417.83,4.5,732,169
9/27/2014,7800.082163,391,4421,1,1260.27,4.6,775,185
9/28/2014,8021.346939,430,4329,1,1370.13,4.7,677,191
9/29/2014,7919.669005,520,4302,1,1030.21,5,613,184
9/30/2014,7321.376487,550,4323,1,1381.07,4.8,616,178
10/1/2014,7314.807931,524,3993,1,1577.79,4.7,643,179
10/2/2014,7520.619579,506,2384,1,2192.42,4.8,706,175
10/3/2014,7243.472895,541,2661,1,2392.75,4.9,725,169
10/4/2014,7028.300171,521,2159,1,2478.14,5,695,167
10/5/2014,6833.773278,589,2124,1,2477.94,5.2,614,175
10/6/2014,6931.522426,520,1767,1,2419.65,5.1,584,174
10/7/2014,6834.860118,510,1801,1,2357.55,4.9,515,172
10/8/2014,6577.332186,572,1578,1,2279.57,5,444,169
10/9/2014,6511.373349,526,1457,1,2263.95,5.3,476,172
10/10/2014,6402.28812,534,861,1,2091.89,5.6,467,174
10/11/2014,6450.28007,427,815,1,1889.15,5.6,430,172
10/12/2014,6294.660919,402,1044,1,2030.56,5.6,441,168
10/13/2014,6461.218007,403,551,1,2043.35,5.3,510,168
10/14/2014,5452.042282,426,675,1,2116.5,4.8,473,172
10/15/2014,5212.963539,409,981,1,1688.29,4.8,497,167
10/16/2014,6431.770833,378,460,1,1726.53,3.8,495,174
10/17/2014,5870.515625,353,1116,1,1665.71,4,503,174
10/18/2014,6010.921875,353,1392,1,1669.87,4.1,466,170
10/19/2014,6007.65625,349,342,1,1751.5,4,464,165
10/20/2014,5975.375,350,845,1,1828.99,4.1,461,163
10/21/2014,5837.989586,383,1226,1,1502.52,4,460,165
10/22/2014,6451.46875,426,386,1,1556,4.3,454,165
10/23/2014,6210.890625,471.3333435,667,1,1683.24,4.8,406,166
10/24/2014,5908.119793,516.666687,1198,1,1576.74,5.1,405,168
10/25/2014,6057.838539,562,752,1,1584.39,5.2,278,164
10/26/2014,5903.25,558,1120,1,1043.33,5.6,289,166
10/27/2014,7079,521,1008,1,1342.09,5.6,340,169
10/28/2014,6606.828125,928,463,0.413888889,1407.85,5.7,300,169
10/29/2014,6710.901043,1207,1103,0,1484.44,5.4,301,167
10/30/2014,7029.984375,1248,1305,0.583333333,1532.02,5.1,289,169
10/31/2014,6633.041668,1323,1306,1,1556.96,5.2,280,169
11/1/2014,7010.302084,1368,1293,1,639.88,4.7,229,166
11/2/2014,6896.088543,1423,1844,0.417361111,1935.86,4.5,213,164
11/3/2014,7768.135417,1491,1761,0,2045.56,4.7,203,168
11/4/2014,7784.208334,1775,1654,0,2005.23,4.9,195,162
11/5/2014,7914.541666,1725,2013,0,1982.36,5.3,215,169
11/6/2014,7206.651042,1538,1884,0,2517.98,5.8,247,168
11/7/2014,7625.036459,1300,2136,0.586805556,2706.32,6.1,274,168
11/8/2014,7777.953125,1385,2591,1,2775.14,6.1,284,172
11/9/2014,7691.557291,1291,1971,1,2790.42,6,315,169
11/10/2014,7350.458332,1194,2105,1,2776.97,5.8,423,168
11/11/2014,7248.364582,1119,2111,1,2743.53,5.5,449,177
11/12/2014,7097.520833,1017,2294,1,2526.58,5.1,470,184
11/13/2014,8050.265625,937,2282,1,2537.16,4.5,497,177
11/14/2014,7913.630209,879,2466,1,1790.93,4.3,523,179
11/15/2014,7705.96875,839,2956,1,2210.65,4.1,537,181
11/16/2014,7890.958333,786,2862,1,2169.67,4.1,544,191
11/17/2014,7766.192708,760,3348,1,2120.82,4,526,188
11/18/2014,7433.59375,747,2896,1,2140.68,4.1,527,182
11/19/2014,7162.854164,732,3290,1,2340.64,4.5,526,181
11/20/2014,7171.0625,716,3372,1,2121.86,4.9,519,183
11/21/2014,7584.135414,713,3494,1,1637.77,5.3,515,187
11/22/2014,7581.578125,714,2763,1,1692.76,5.7,525,183
11/23/2014,7394.546875,725,2703,1,1333.34,6.2,537,187
11/24/2014,8271.8125,777,3135,1,1422.79,6.3,564,180
11/25/2014,8181.671875,781,5077,1,1637.6,6.2,591,188
11/26/2014,8879.588542,793,4128,1,2098.12,6,608,180
11/27/2014,8413.416666,784,4041,1,1829.96,5.6,616,187
11/28/2014,8011.322918,767,5797,1,2461.63,5.1,620,189
11/29/2014,7634.145832,788,4330,1,2318.39,4.9,636,185
11/30/2014,8000.510417,795,3760,1,1963.17,4.9,655,186
12/1/2014,8215.234375,801,3753,0.413194444,1067.52,4.8,680,196
12/2/2014,8230.541667,826,3885,0,1204.81,4.7,678,198
12/3/2014,8990.317711,863,4293,0,-2854.61,5,632,196
12/4/2014,12328.77084,903,5601,0,-5517.01,5.4,609,203
12/5/2014,16918.04688,969,5578,0,-5276.81,6.1,581,204
12/6/2014,23330.44791,975,4551,0,-5064.31,6.1,511,190
12/7/2014,28985.26041,911,5451,0,-5356.44,6.3,557,217
12/8/2014,26993.79688,874,5648,0,-2452.11,6.2,610,169
12/9/2014,25659.93228,846,6333,0,1155.32,5.9,638,134
12/10/2014,23679.64584,826,8040,0,1383.92,5.6,718,169
12/11/2014,20251.91666,826,8947,0,1628.24,4.8,875,172
12/12/2014,17724.90106,851,8580,0,-5984.46,4.6,910,198
12/13/2014,28912.39063,871,9392,0,-8304.55,4.9,808,207
12/14/2014,45560.48438,1185,10716,0,-8148.75,4.3,644,207
12/15/2014,48628.77075,1723,10876,0,-8202.75,4.1,454,173
12/16/2014,55342.24487,1737,10674,0,-10768.06,3.8,473,118
12/17/2014,58675.91138,1595,6643,0,-5678.9,4,592,131
12/18/2014,54440.6145,1698,5487,0,-4081.16,5,697,141
12/19/2014,53053.20313,1843,4816,0,-4121.2,5.6,823,150
12/20/2014,53146.41675,1848,4503,0,-6035.31,6.1,850,158
12/21/2014,54254.84375,1738,4412,0,-4061.25,6.4,914,157
12/22/2014,54443.86987,1662,4848,0,-2026.6,6.7,996,155
12/23/2014,54906.375,1618,5139,0,-1316.52,6.8,1011,160
12/24/2014,54123.76563,1590,5977,0,-1218.18,6.7,1088,157
12/25/2014,51274.05737,1501,6130,0,1205.1,6.6,1169,154
12/26/2014,46330.46875,1440,6730,0,2046.06,6.1,1181,157
12/27/2014,40319.2605,1389,6520,0,2207.9,5.5,1168,162
12/28/2014,36078.54175,1329,6084,0,2164.5,5.4,1173,178
12/29/2014,32310.19263,1290,5975,0,2208.02,5.4,1180,195
12/30/2014,28848.93237,1251,6287,0,2178.73,4.9,1181,209
12/31/2014,26046.38013,1223,6968,0,2246.55,5.7,1177,220
1/1/2015,22896.09888,1197,5868,0,2237.54,5.8,1172,233
1/2/2015,20144.47913,1160,5652,0,2236.66,6.2,1148,241
1/3/2015,17878.24475,1139,6046,0,2239.8,6.3,1132,252
1/4/2015,16365.51563,1121,5775,0,2266,6.4,1115,259
1/5/2015,15260.34894,1091,6212,0,2316.64,6.4,1070,255
1/6/2015,14403.06769,1068,4877,0,2340.51,6.2,1061,251
1/7/2015,13341.91144,1048,5266,0,2385.64,5.8,1075,250
1/8/2015,12717.48959,1055,5953,0,2485.35,5.5,1069,257
1/9/2015,12312.16147,1044,5395,0,2379.29,5.2,1046,248
1/10/2015,12036.35938,1046,6063,0,2189.12,4.6,1041,235
1/11/2015,11768.34897,1055,5829,0,2360.1,4.3,1015,241
1/12/2015,11633.46875,1069,5792,0,2346.43,4,982,241
1/13/2015,11401.06772,1056,5792,0,2352.14,3.6,971,239
1/14/2015,10927.63022,1048,5848,0,2245.29,3.6,968,241
1/15/2015,10341.80728,1014,5897,0,2182.73,4.4,971,234
1/16/2015,10022.66147,926,5843,0,2002.39,5.1,957,234
1/17/2015,9806.182281,956,4841,0,2050.69,5.5,907,235
1/18/2015,9925.661469,942,4642,0,2003.11,6,852,227
1/19/2015,9820.083328,894,4290,0,2075.26,6.3,872,230
1/20/2015,9851.09375,888,4216,0,1894.63,6.6,858,225
1/21/2015,9649.588547,875,4225,0,2190.45,6.6,862,230
1/22/2015,9906.989594,857,4981,0,2113.18,6.4,865,226
1/23/2015,10075.79166,829,5558,0,2141.3,6,851,231
1/24/2015,9754.255219,808,4733,0,2113.36,5.4,832,224
1/25/2015,9690.848969,798,4821,0,1900.48,4.9,827,227
1/26/2015,9545.625,717,4719,0,2267.34,4.5,869,223
1/27/2015,9537.333344,545,4354,0,2406.45,4.6,913,225
1/28/2015,9676.390625,774,4662,0,2382.07,4.9,948,218
1/29/2015,9713.953125,805,4846,0,2487.82,5.1,1007,219
1/30/2015,9685.984375,764,4395,0,2521.41,5.4,1009,220
1/31/2015,9431.755219,749,4472,0,2566.61,5.5,983,236
2/1/2015,9560.375,807,4790,0,2717.77,5.7,1039,238
2/2/2015,9423.609375,776,3891,0,410.66,5.8,1001,231
2/3/2015,9429.401031,796,3652,0,420.15,5.7,1018,228
2/4/2015,9383.947906,867,3657,0,463.35,5.5,1176,232
2/5/2015,9716.421875,866,2623,0,380.9,5.2,1323,216
2/6/2015,10094.56772,863,2388,0,207.41,4.9,1274,229
2/7/2015,10211.21353,885,2648,0,-1114.27,4.2,1144,225
2/8/2015,13967.57813,887,4003,0,-2397.27,4.8,1090,247
2/9/2015,19899.13538,889,4987,0,-4369.71,3.3,1046,246
2/10/2015,36581.38538,927,5689,0,-4025.48,4.6,1006,240
2/11/2015,42735.70313,1018,6434,0,-3992.85,3.8,970,235
2/12/2015,40971.59888,1207,6867,0,-2732.32,4.2,890,155
2/13/2015,40356.65112,1062,6955,0,-1424.56,4.4,971,149
2/14/2015,37278.93237,1003,6953,0,576.8,4.9,973,154
2/15/2015,32614.30737,893,5840,0,776.52,5.4,1079,155
2/16/2015,28248.57813,834,6555,0,704.07,5.9,1095,178
2/17/2015,24319.45313,805,6291,0,776.15,6,1047,208
2/18/2015,20978.40625,799,5319,0,508.61,6.3,1010,227
2/19/2015,18938.40625,786,5848,0,579.05,6.2,981,238
2/20/2015,17155.4375,859.333313,5248,0,288.69,6.1,915,234
2/21/2015,16227.63544,932.666687,5694,0,369.07,5.5,872,240
2/22/2015,15602.29688,1006,5610,0,486.93,5,826,234
2/23/2015,14870.35938,817,4643,0,634.91,5.2,874,237
2/24/2015,14051.79166,826,4629,0,669.52,5.2,867,246
2/25/2015,13121.97916,848,4018,0,687.25,5.3,899,242
2/26/2015,12600.83853,908,3850,0,776.93,5.2,842,241
2/27/2015,12345.72917,852,4890,0,814.07,5.2,809,240
2/28/2015,11531.55209,793,5681,0,629.92,4.9,820,227
3/1/2015,11622.86978,781,5785,0,586.74,5.4,835,224
3/2/2015,11137.28647,804,5519,0,951.14,5.2,872,238
3/3/2015,10414.60416,815,5236,0,695.72,5.3,989,235
3/4/2015,10624.96355,794,5049.5,0,862.69,5.1,1065,241
3/5/2015,10452.17708,689,4870,0,1009.31,5.1,1067,235
3/6/2015,10347.125,629,4791,0,1052.6,4.8,979,222
3/7/2015,9713.776031,594,4506,0,1168.82,4.4,851,219
3/8/2015,9289.145844,569,4587,0,1140.2,4.1,670,209
3/9/2015,9069.880219,552,4170,0,1185.19,4.2,617,207
3/10/2015,8954.916656,574,4353,0,1227.14,4.3,703,213
3/11/2015,8916.739594,561,4337,0,1138.51,4.4,868,210
3/12/2015,9190.34375,512,4060,0,81.62,4.5,876,199
3/13/2015,9368.369781,466,3678,0,2005.73,4.6,729,212
3/14/2015,8750.479156,467,3826,0,1831.67,4.6,680,206
3/15/2015,8377.088531,439,3848,0,1868.48,4.8,673,204
3/16/2015,8016.213547,464,4159,0,1329.78,5.2,622,221
3/17/2015,8376.432297,510,2388,0,1198.28,5.4,728,216
3/18/2015,8030.875,517,2060,0,1253.86,5.6,774,217
3/19/2015,8218.697906,501,2146,0,1477.69,5.4,788,214
3/20/2015,7870.411453,493,1881,0,1621.12,5.4,694,226
3/21/2015,7456.875,482,1780,0,1290.63,5.1,631,216
3/22/2015,7626.072922,452,1790,0,1325.86,5.3,718,215
3/23/2015,7155.3125,433,1814,0,779.62,5.6,738,218
3/24/2015,7318.473953,447,1817,0,727.74,5.7,698,221
3/25/2015,7287.270828,460,1803,0,1005.66,5.6,732,215
3/26/2015,7363.489594,466,1789,0,1271.37,5.4,773,198
3/27/2015,7269.026031,448,1712,0,1627.01,5.2,716,207
3/28/2015,6667.729156,651,1801,0,1544.6,4.9,336,209
3/29/2015,7032.75,999,1483,0,1587.08,4.7,202,211
3/30/2015,6342.286453,1188,1712,0,1664.6,4.5,198,208
3/31/2015,6228.161453,1280,1812,0,1627.35,4.4,247,215
4/1/2015,6248.796875,1207,1777,0,1219.15,4.3,376,224
4/2/2015,6413.557297,1060,1623,0,1417.62,4.3,406,211
4/3/2015,6533.96875,880,1623,0,1552.46,4.3,361,206
4/4/2015,6023.380211,763,1312,0,1725.06,4.4,301,215
4/5/2015,6215,645,1658,0,1566.84,4.7,296,219
4/6/2015,7009.1875,546,1609,0,720.51,4.7,339,217
4/7/2015,7531.234375,580,1364,0,1249.72,5,265,212
4/8/2015,7442.484375,815,1530,0,-91.83,5.2,191,207
4/9/2015,8753.578125,1092,1526,0,1209.57,5.2,99,204
4/10/2015,7712.578125,975,1525,0,1476.58,5.1,129,199
4/11/2015,7307.567703,849,1518,0,1443.4,5,153,184
4/12/2015,7144.661461,810,1590,0,1338.81,4.8,163,195
4/13/2015,7046.208336,807,1503,0,2165.8,4.8,164,201
4/14/2015,6111.28125,829,1506,0,1910.5,4.8,167,199
4/15/2015,7169.161461,1186,1433,0,1551.13,4.8,116,197
4/16/2015,6957.244789,1433,1762,0,1933.07,5.1,114,198
4/17/2015,5938.328125,1368,1786,0,2212.22,5.2,136,198
4/18/2015,5892.697914,1279,1693,0,2296.15,5.4,142,206
4/19/2015,5539.489586,1264,1403,0,2267.57,5.7,149,208
4/20/2015,5553.682289,1277,1707,0,2277.26,5.9,184,212
4/21/2015,6203.567711,1193,1654,0,1798.93,6.1,203,214
4/22/2015,6104.817711,1052,1589,0,1523.98,5.9,219,202
4/23/2015,6274.526039,907,1653,0,1893.44,5.9,247,202
4/24/2015,5342.572914,769,1518,0,1978.98,5.4,288,196
4/25/2015,5237.796875,642,1425,0,1201.88,4.9,352,195
4/26/2015,6353.682293,577,1411,0,776.26,4.5,408,197
4/27/2015,7250.520836,536,1616,0,2069.87,4.4,421,190
4/28/2015,6955.739586,505,1377,0,2429.23,4.4,440,180
4/29/2015,6299.421875,488,1649,0,2242.67,4.3,446,169
4/30/2015,6854.536457,457,1568,0,2158.23,4.2,463,174
5/1/2015,6905.942708,444,1901,0,2623.86,4.4,438,174
5/2/2015,6032.005208,396,1434,0,3036.62,4.8,484,169
5/3/2015,5759.130209,387,1429,0,2636.13,4.9,506,166
5/4/2015,5926.138157,392,1780,0,2161.77,5,449,167
5/5/2015,6426.153511,397,658,0,2093.46,5.3,439,164
5/6/2015,6711.786458,420,330,0,2225.18,5.6,431,167
5/7/2015,6586.1875,411,668,0,2340.12,5.8,456,163
5/8/2015,7166.260418,408,252,0,1494.64,5.7,502,167
5/9/2015,6961.619791,399,719,0,2160.71,5.5,446,165
5/10/2015,6954.739583,405,387,0,2239.83,5.2,475,161
5/11/2015,6693.927083,452,794,0,2361.8,4.9,432,157
5/12/2015,6678.734375,458,494,0,2109.06,4.8,412,151
5/13/2015,7091.614582,449,963,0,1926.95,4.8,409,150
5/14/2015,6842.71875,401,638,0.572916667,1890.67,4.8,461,153
5/15/2015,7391.291668,377,918,1,1410.59,4.9,501,148
5/16/2015,7323.317707,409,532,1,2015.66,5.4,495,148
5/17/2015,7640.9375,413,943,1,2229.23,5.8,532,151
5/18/2015,7592.739582,408,497,0.411111111,1967.96,6,503,152
5/19/2015,7722.526043,440,856,0,1940.64,6.2,443,152
5/20/2015,8144.916668,467,718,0,2337.62,6.3,444,153
5/21/2015,8100.307289,450,590,0,2193.17,6.2,506,154
5/22/2015,8438.442709,422,689,0.591666667,2099.68,5.9,538,153
5/23/2015,8216.046875,384,687,1,2117.17,5.5,568,153
5/24/2015,8314.59375,385,826,1,2127.97,5,625,164
5/25/2015,7961.364584,386,824,1,2587.72,4.4,620,164
5/26/2015,7997.270832,411,769,0.409722222,2296.67,4.3,599,158
5/27/2015,7585.359375,435,1100,0,2328.46,4.2,539,155
5/28/2015,7423.770833,422,1320,0,2546.97,4.1,578,163
5/29/2015,7140.552084,385,1636,0.614583333,2771.42,4.2,690,172
5/30/2015,6982.90625,331,873,1,2918.13,4.6,776,171
5/31/2015,6772.442707,323,1568,1,3073.71,5.1,646,163
6/1/2015,6192.161457,254,1320,0.419444444,2324.38,5.5,583,158
6/2/2015,6729.130209,281,1333,0,2347.08,5.6,497,160
6/3/2015,6841.552084,320,535,0,2676.54,6,510,165
6/4/2015,6916.302082,319,1031,0,2545.16,6.2,583,163
6/5/2015,7397.661458,294,437,0.583333333,2936.15,6.1,622,166
6/6/2015,7254.1875,250,947,1,3170.69,6,596,165
6/7/2015,7085.067707,216,502,1,2962.21,5.7,723,161
6/8/2015,7436.697916,228,975,0.416666667,3498.31,5.3,788,161
6/9/2015,7114.223957,260,470,0,3942.67,5,693,157
6/10/2015,6462.489586,272,1030,0,2813.72,4.9,660,158
6/11/2015,7154.625,238,523,0,936.13,5,686,169
6/12/2015,6566.729164,201,1128,0,3309.82,4.8,700,167
6/13/2015,6553.927086,180,485,0.625,3749.6,5.4,703,161
6/14/2015,6087.958336,183,961,1,3378.83,5.8,736,162
6/15/2015,6196.770836,174,507,0.4125,2959.37,5.9,619,161
6/16/2015,6470.057293,166,1026,0.584722222,3061.49,6.1,676,165
6/17/2015,6647.598957,158,589,1,3609.43,6.4,690,174
6/18/2015,6500.614582,147,989,1,3763.82,6.2,809,173
6/19/2015,6749.979168,153,608,1,3419.67,6,773,164
6/20/2015,6887.479168,168,865,1,3711.56,5.8,671,159
6/21/2015,6594.614586,175,683,1,3835.65,5.2,634,158
6/22/2015,6557.276039,166,682,1,3044.54,4.9,718,157
6/23/2015,7091.369793,156,646,0.420138889,3421.73,4.6,666,154
6/24/2015,6749.661457,156,494,0,3700.14,4.4,681,152
6/25/2015,6729.708332,130,533,0,3775.11,4.2,752,150
6/26/2015,6849.84375,112,481,0.489583333,4105.31,3.9,754,149
6/27/2015,6738.760414,125,570,1,4078.78,4.4,579,148
6/28/2015,6483.609375,144,711,1,3052.35,4.7,613,149
6/29/2015,6517.671875,117,801,1,3100.02,5.2,731,150
6/30/2015,6923.921875,142,735,1,3759.99,5.7,686,154
7/1/2015,7220.067711,163,813,1,4332.27,6.1,652,152
7/2/2015,7188.552086,177,622,1,3948.1,6.3,544,147
7/3/2015,7069.145828,137,727,1,3352.24,6.3,577,146
7/4/2015,7197.984375,130,719,1,3688.29,6.2,699,144
7/5/2015,7028.135414,130,717,1,3745.38,6.1,873,142
7/6/2015,6957.135414,130,712,1,2783.81,5.7,771,139
7/7/2015,7549.75,145,708,1,3204.92,5.3,681,137
7/8/2015,7292.875,140,845,1,2809.65,5.1,738,133
7/9/2015,7173.427086,130,866,1,2692.39,4.9,871,132
7/10/2015,7695.03125,130,697,1,2196.68,4.6,980,133
7/11/2015,8052.348961,157,676,1,2344,4.9,655,131
7/12/2015,7900.90625,149,661,1,2989.07,5.4,585,130
7/13/2015,8044.239586,151,662,1,2773.93,5.6,570,132
7/14/2015,8368.286461,162,662,1,3380.53,6,570,133
7/15/2015,8121.567711,134,666,1,3204.35,6.1,555,135
7/16/2015,8086.244789,130,672,1,3741.62,6.1,532,134
7/17/2015,7943.71875,130,675,1,3607.59,5.9,519,136
7/18/2015,8404.96875,130,683,1,3765.33,5.6,656,138
7/19/2015,8362.90625,130,687,1,3376.2,5.3,780,139
7/20/2015,8561.291664,130,604,0.452083333,3621.43,5,775,139
7/21/2015,7563.307289,137,741,0,3618.13,4.5,751,131
7/22/2015,7330.635414,149,645,0,3187.61,4.3,610,134
7/23/2015,7069.395836,130,411,0,2965.64,3.9,826,139
7/24/2015,7307.3125,130,552,0.477777778,3060.72,3.8,747,139
7/25/2015,7249.723961,148,743,1,3382.28,3.7,553,138
7/26/2015,7281.135414,169,773,1,3365.72,4.3,412,140
7/27/2015,6848.984375,139,701,1,3386.98,4.9,535,144
7/28/2015,7654.864578,133,694,1,3704.88,5.3,735,146
7/29/2015,7548.880203,163,697,1,4138.12,5.7,802,145
7/30/2015,7592.890625,124,702,1,4183.8,5.9,941,143
7/31/2015,7361.442703,130,701,1,3713.57,6.1,871,145
8/1/2015,7798.244797,130,717,1,3111.19,6.2,926,146
8/2/2015,7777.177086,130,715,1,3088.24,6,708,145
8/3/2015,7514.411461,151,600,1,2925.38,5.8,506,146
8/4/2015,7686.703125,200,815,0.402777778,2763.63,5.3,359,141
8/5/2015,7623.39892,208,651,0,2427.66,5.1,446,142
8/6/2015,7891.792632,169,683,0,3397.19,5,539,144
8/7/2015,7747.48322,170,686,0.458333333,2888.06,4.7,554,147
8/8/2015,7811.376929,159,742,1,2855.36,4.9,656,146
8/9/2015,7792.96856,173,697,1,2828.95,5.1,687,148
8/10/2015,7810.992479,162,683,1,3347.84,5.4,684,148
8/11/2015,7565.537227,176,748,0.409722222,2954.07,5.5,607,147
8/12/2015,7784.347608,172,792,0,3013.16,5.5,611,152
8/13/2015,8090.751736,142,703,0,3070.68,5.6,683,163
8/14/2015,8090.812112,173,707,0.486111111,2926.27,5.6,490,166
8/15/2015,7974.966242,161,615,1,2990.11,5.5,486,164
8/16/2015,7722.958912,153,619,1,3563.27,5.2,496,165
8/17/2015,7218.071375,168,769,1,3732.71,4.9,524,176
8/18/2015,6764.189044,200,610,1,3736.21,4.5,528,161
8/19/2015,6067.421296,201,1109,1,3255.37,4.2,584,162
8/20/2015,6321.205632,159,1089,1,2838.81,3.9,651,176
8/21/2015,6526.583719,145,1062,1,2539.48,3.8,634,176
8/22/2015,6279.102431,110,1033,1,2800.65,3.7,739,177
8/23/2015,6791.12635,136,1034,1,2881.27,4,580,178
8/24/2015,7090.24402,158,1017,1,2718.29,4.2,447,183
8/25/2015,7659.377315,198,1109,1,2925.05,4.7,416,176
8/26/2015,8442.177281,216,1526,1,3110.4,5.3,356,164
8/27/2015,8389.847029,198,1895,1,3264.97,5.5,420,161
8/28/2015,8737.542824,180,1983,1,3291.18,5.8,460,175
8/29/2015,8975.785494,151,2634,1,3239.3,5.9,531,220
8/30/2015,9224.58546,108,4602,1,2211.6,5.7,754,201
8/31/2015,9240.401037,113,4810,1,2515.99,5.6,750,209
9/1/2015,9152.435378,130,4608,1,2850.54,5.2,798,213
9/2/2015,9055.53222,190,4171,1,2952.36,5.1,597,209
9/3/2015,8758.441546,215,2958,1,2604.83,4.9,564,208
9/4/2015,8846.574841,244,2865,1,2376.23,4.9,551,206
9/5/2015,8474.713354,202,2904,1,2489.18,4.8,603,209
9/6/2015,8856.122695,206,2935,1,2594.29,4.8,609,201
9/7/2015,8669.584115,220,2842,1,2806.8,5.1,565,202
9/8/2015,8561.149691,238,2950,1,2952.1,5.1,489,196
9/9/2015,8514.444455,233,2934,1,3055.18,5.2,483,200
9/10/2015,8509.619406,251,2736,1,3117.42,5.1,518,204
9/11/2015,8506.966232,194,2901,1,3056.26,5,591,196
9/12/2015,8443.031839,185,2688,1,2746.16,4.9,602,193
9/13/2015,8266.01929,219,2748,1,1964.73,4.7,486,187
9/14/2015,8106.058835,245,2466,1,2224.23,4.4,548,187
9/15/2015,8070.389304,281,2527,1,1889.39,4.1,589,180
9/16/2015,8258.492844,351,2622,1,1807.94,4,548,179
9/17/2015,8813.391001,338,2386,1,1823.32,4.2,554,176
9/18/2015,8598.19617,311,2299,1,1884.5,4.3,560,174
9/19/2015,8261.147184,317,2342,1,2266.43,4.3,530,171
9/20/2015,8063.80651,280,2308,1,2499.14,4.2,545,176
9/21/2015,7993.705445,238,1603,1,2628.53,4.3,550,176
9/22/2015,7685.953318,237,1588,1,2623.38,4.6,538,177
9/23/2015,7417.742863,264,1237,1,2028.09,4.4,521,172
9/24/2015,8184.110532,229,1210,1,2186.53,4.8,605,173
9/25/2015,8029.597991,198,1222,1,2297.23,5.2,676,168
9/26/2015,7638.694825,203,1225,1,2340.91,5.3,655,161
9/27/2015,7989.953127,212,1243,1,2242.81,5.3,590,163
9/28/2015,7675.326005,198,1220,1,1900.76,5,586,163
9/29/2015,7320.907213,198,1233,1,1962.95,5.2,588,161
9/30/2015,7432.379051,260,1153,1,1577.73,5.4,577,161
10/1/2015,7799.751929,270,1230,1,1181.62,5.6,574,157
10/2/2015,7534.557099,268,1135,1,1492.41,5.6,605,157
10/3/2015,7719.096643,342,1132,1,2202.98,5.3,592,161
10/4/2015,6840.16223,342,1096,1,1885.02,5.5,601,162
10/5/2015,7605.227816,326,1238,1,1630.54,4.7,588,166
10/6/2015,7523.032986,361,1114,1,1873.69,4.5,539,162
10/7/2015,7524.749614,355,1204,1,1971.35,4.4,560,162
10/8/2015,7429.054784,381,1120,1,2008.94,4.4,528,159
10/9/2015,7454.318286,375,1218,1,2181.7,4.3,519,158
10/10/2015,7408.503666,379,1265,1,2265.76,4.3,492,158
10/11/2015,6886.355707,406,1296,1,2172.78,4.1,495,162
10/12/2015,7444.301502,399,2219,1,2132.79,4.2,496,157
10/13/2015,7515.658758,412,2304,1,2292.61,4.4,476,158
10/14/2015,7214.489966,471,1755,1,2178.83,4.6,475,158
10/15/2015,6896.722222,447,1764,1,2168.78,4.7,483,157
10/16/2015,7127.131556,421,1948,1,1932.76,4.8,477,156
10/17/2015,7268.311726,460,1936,1,1915.05,4.9,445,158
10/18/2015,7199.262732,484,1879,1,1654.26,4.7,423,160
10/19/2015,7356.937694,478,1388,1,1679.07,4.7,417,161
10/20/2015,7721.310571,458,1025,1,1677.16,4.5,437,163
10/21/2015,7754.016782,436,1173,1,1906.65,4.5,449,159
10/22/2015,7203.51466,349,1121,1,1862.11,4.5,462,162
10/23/2015,7349.37712,330,1355,1,1823.99,4.5,451,159
10/24/2015,7090.786457,469,1333,1,1764.43,4.5,329,161
10/25/2015,6866.588543,576,1098,1,1684.45,4.7,270,160
10/26/2015,6377.932289,480,1378,1,1708.44,4.9,278,158.5
10/27/2015,6482.755207,445,1318,1,1739.54,5.6,300,157
10/28/2015,6318.651039,991,1370,1,1384.34,5.9,177,161
10/29/2015,6267.864586,1412,1219,0.53125,1480.14,6.1,188,163
10/30/2015,6948.786461,1578,1264,0.510416667,1658.38,6.1,246,163
10/31/2015,6517.239582,1606,1248,1,1749,6,242,166
11/1/2015,6381.197914,1554,1338,1,1763.65,5.7,163,166
11/2/2015,6729.567711,1490,1886,1,2133.22,5,159,164
11/3/2015,6534.088539,1492,1024,1,503.18,4.8,155,163
11/4/2015,7248.947918,1876,1714,1,358.3,4.2,136,165
11/5/2015,7064.473957,2032,3008,1,479.82,4.3,143,169
11/6/2015,6497.432289,1971,3185,1,396.91,4.4,152,166
11/7/2015,6096.427086,1820,3519,1,693.2,4.4,155,170
11/8/2015,5892.40625,1593,3255,1,2541.7,4.1,166,175
11/9/2015,5722.130211,1168,3086,1,2280.8,4.6,174,176
11/10/2015,6037.583336,1075,3058,1,1504.08,4.8,194,174
11/11/2015,6871.171875,1008,2952,1,1588.82,5.2,211,177
11/12/2015,6672.265625,957,2941,0.416666667,1655.02,5.4,229,172
11/13/2015,6892.015625,868,2925,0.590277778,1673.99,5.4,244,167
11/14/2015,6544.223957,787,3108,1,1775.54,5.5,273,167
11/15/2015,6188.052086,723,2946,1,2428.69,5.4,295,172
11/16/2015,5777.083328,693,2892,1,1999.43,5.5,325,181
11/17/2015,7827.588541,691,2825,1,2270.9,5.2,338,179
11/18/2015,6539.255208,676,2640,0.425694444,2354.04,4.9,347,181
11/19/2015,6309.213542,657,2600,0,2431.29,4.9,355,182
11/20/2015,6426.286459,633,2585,0.582638889,2335.56,4.7,365,183
11/21/2015,6232.192707,633,2551,1,2587,4.8,367,188
11/22/2015,6228.994793,626,2466,1,2605.52,4.7,374,190
11/23/2015,5838.276043,614,1175,1,2558.48,4.9,381,184
11/24/2015,5608.807289,621,1208,1,2545.14,5.5,388,186
11/25/2015,5519.098961,609,1120,1,2041.53,6.1,394,185
11/26/2015,6928.213541,603,1114,1,2267.41,6.4,394,194
11/27/2015,6672.916667,610,1143,1,2251.08,6.4,391,188
11/28/2015,6608.052084,632,1146,1,2322.7,6.3,395,187
11/29/2015,6405.546875,631,1144,1,2278.46,6,417,190
11/30/2015,6427.953125,614,1142,1,2436.28,5.6,440,186
12/1/2015,6690.046875,626,1140,0.541666667,2400.2,5,433,180
12/2/2015,6609.213541,629,1000,0,2366.04,4.4,427,179
12/3/2015,7138.166666,622,655,0,2299.13,4.4,432,169
12/4/2015,6766.682292,600,777,0.371527778,1902.73,4.5,432,172
12/5/2015,7937.291668,604,1052,1,2137.29,4.1,426,173
12/6/2015,7899.796875,604,661,1,2026.58,4,451,173
12/7/2015,7788.833334,604,645,1,2061.04,4.5,487,187
12/8/2015,8168.979168,606,638,1,2004.93,4.8,517,173
12/9/2015,8267.588541,609,652,1,1984.39,5.3,550,186
12/10/2015,8263.567709,616,641,1,2204.62,5.4,556,191
12/11/2015,8033.734375,616,660,1,1601.53,5.7,534,188
12/12/2015,8573.578125,610,656,1,1401.22,5.9,507,174
12/13/2015,9539.796875,625,648,1,1479.9,5.9,485,181
12/14/2015,10161.90625,648,646,1,418.41,6.2,486,181
12/15/2015,11318.40625,651,698,0.447916667,296.2,5.8,491,182
12/16/2015,10415.04688,651,670,0,720.8,5.4,491,186
12/17/2015,11021.02083,658,694,0,1151.77,4.9,489,192
12/18/2015,9900.588541,665,1050,0,1231.6,4.8,495,197
12/19/2015,8378.375,672,1211,0,1852.35,5,512,200
12/20/2015,8632.192711,667,1364,0,1716.74,4.7,555,209
12/21/2015,9488.666664,670,1506,0,1290.56,4.7,597,205
12/22/2015,13506.66146,697,1311,0,31.36,5.2,579,201
12/23/2015,14431.07292,693,3075,0,-184.66,6,555,205
12/24/2015,20633.6302,711,4667,0,76.75,6.3,627,190
12/25/2015,25292.89584,828,5581,0,-248.82,6.6,613,164
12/26/2015,24004.73438,1254,5851,0,270.34,6.7,461,158
12/27/2015,18899.33855,1312,5604,0,1250.33,6.5,378,148
12/28/2015,13948.4375,1110,6604,0,1531.2,6.1,525,145
12/29/2015,11982.77084,1045,6748,0,1312.07,5.6,568,174
12/30/2015,10945.0625,997,6763,0,1696.27,5.1,486,179
12/31/2015,10165.34896,952,6600,0,1784.51,4.7,536,181